Apple 아이폰 13 256GB [자급제],"1,180,000원",https://cr.shopping.naver.com/adcr.nhn?x=tV0QhIU09651T8JgK0G9RP%2F%2F%2Fw%3D%3DsRVaWBanu0lqON0GEqivKgA1jA3w6Gfi0ALjFClBNF71WQE1WikGGRjsm7ORTamZ7qgFAOOweUSdu6eXd73fEGdVUDPIP5LpfxNZCWiJZigkQIdJ3ahUFfPsBi%2Bg9wR2YIOKgedJnVh%2BgV%2BbEWWBj4UPg%2F6PYJW9LpCSumzPJoiiI9aZyW4hhCgmcrsQhWGWG%2FjBmTqA4xW4sMIcltjwt3PKAXVfyDB1yTbVYYpYzcFnUHxlEatbmVq7jmztE%2FywsxZUUGJcJqHXkqvIgKXiTct0%2F%2BW0ycQfgDxmBMDOkviFVXemfpmeX70wC2wQT5nyi5pxiwDZPU40LYzhHX%2FcRv1UEirMO4omWjv8DWg5I0JWzaLo3YojXuQJMvdaZ%2BI%2Fy%2F0X8gFBBhr6rnnTk5Nq2rKILc1t2XjGv9C4AO%2BQtVfyxyTNOpvF5JKAAUscSxRXpjrModG8ApvyDh2g%2Bv61QBw8fGnfSmUm6vWXYDFIsx9ZD%2FkFMO4s7sTx4sbc7XXXQvaOjGxMtdSZf0nL3LrxHbHwCjtb5aLp32nM3XJbcRzZPwCXFJiRdosf3os3K%2FWn1U%2FuAgJ7ih5fml5fvbhI0vM%2FyPIJyzS0RZ3IKgqtsMZ1vU2Y6hEEwGxc1AZfON9sL4VRAH%2BsMDObarUodGweR8Q%3D%3D&nvMid=29029192591&catId=50001519
Apple 아이폰 13 미니 128GB [자급제],"681,400원",https://cr.shopping.naver.com/adcr.nhn?x=J6wUmHHihVyJQ1NWIyFeY%2F%2F%2F%2Fw%3D%3DsQgEcS8vbEema2rZY5PQ7qNeRER6N3X5wiRptIyGSyb1hJz9H0Ub4KLvuVTVtNMxM9mgAo6T4iNL0AjZHo9cL%2BQu2MMdQlowIFqtZNbwM6b4mYxrdxmwvd82SUlVTjWurHUvkgv17jA0cM7stMGQ3PMi30QtKP1mA7BYZPpxeJLexWvZfe2todmJfmpbNrXnq2drsUEzev9hA0cDt%2BuxFM7ix7jXt7MNVc9AIu4EfDZlNEwRr%2B3STfYHGn%2FB5b3e4HBHjFttESHrX4i9h0Ph8zYWwLlCAarzO84h6STb3PLnL%2Fowdnq7%2Fmfq67OVRzok0S5SJNLgIdS1XFCtZ5GETGHTRoEb%2BqycEzUpeFNPgZNZ1e64%2Bxq2BhT2J3aNN%2FwB9G1fUqIZ7CTqeNBeEUiuIjcEQVh0qf8pZRyhf%2FIAYClQulMSXmodDptJZCDmbU%2FWS8S21Oey7jc5pxS8BquOSqAPzQvOQpktRn2nqaAl90Bi9lbCAHUgYx7U3V2HOvd43o64ifB9DVeZ8ffla9GlFdoKIAsQVXFAfjzv%2FNA7NsKpjPPxpxyLR%2BnMWjbiS6Jdjjr%2Fvhuz%2FM2bOeEg7k3nONblS2d3CEmX4mdjUJ1LAUcb0UbNk5di1V8jUMbmtHii%2FBq7h9PA5SrIXrcWPClBGWw%3D%3D&nvMid=29030650586&catId=50001519
Apple 아이폰 13 프로 128GB [자급제],"1,268,000원",https://cr.shopping.naver.com/adcr.nhn?x=tpxUUUd%2BHy4xdk4NX8fszv%2F%2F%2Fw%3D%3DsEYRvt8YuKia%2Ba5FXcqQoyPN6fWCsyvyUANuNMxJcPHsbsBKbbjTB%2BBCjsLv6tz%2BjdSaryDiL7bQmwGk5tPu0rYKHG3N6OZV%2BM3UBetXmrpbXYgcv7r%2F5Ozq2w0jVMp473GKmMypyzI3vJXEjD6WfHkgAn8lD2%2BxrgblrBqYwPdWug%2B9sjA7rHdeMLkY%2BwIMU07oJ3o0uS6qCsqzVDCUSCzQZD6UDT51Dg8nNb9lI8fV%2BFLPJmN7kd5F0maTGsL0cmsGDDi54kj6FRYpYRQyYX11u2eyu2bbq782fymLwp4rffisv5tHfoGFh7RH%2BtSaOAFJNLWxG%2Fj2gEfGb7GroeLtgw%2B7wauBB8GsNq4XFsFM%2BYg57SwDQifehayF7Lp1N6nYt0P5vFdgOY0ddt5wMGSUB1JQhmTPvkyL3DGrshzmxSXoBuXI6Jal8phfbB0yQQ5NpxzD%2BGh1Qsf3DjaBN7lca8pJnVAllZ%2FEl77tED7SjGLqO1wkEk1BLb9FBkQMcFFcURuJXcA9fpBODYEj4ut1EXwZkzkR%2B74%2F6S1yM3I7nXzxfnExnvfFbjfrl1I6QiA3%2FU2AzguC84AnoS7Lq%2BdK26evVaNalDSolB7dPSHcyINs3GNO9t4X%2BGMcug7nQDhLBwu%2FFQS5xWYf5w6G3jQ%3D%3D&nvMid=29030420587&catId=50001519
Apple 아이폰 13 프로 256GB [자급제],"1,404,550원",https://cr.shopping.naver.com/adcr.nhn?x=8XpVhpV%2Bb3zKDuAe4X8gjf%2F%2F%2Fw%3D%3DshPDCogGVCJ%2BWt3JtDTG0Ocsbocj0u%2BKaHvGJ16O68wRWQE1WikGGRjsm7ORTamZ7yMxhLClIYACxofWodJB9q9VUDPIP5LpfxNZCWiJZigkQIdJ3ahUFfPsBi%2Bg9wR2YIOKgedJnVh%2BgV%2BbEWWBj4UPg%2F6PYJW9LpCSumzPJoiiI9aZyW4hhCgmcrsQhWGWGObEszBFb2RlRYVOgd6veGfKAXVfyDB1yTbVYYpYzcFnUHxlEatbmVq7jmztE%2FywsxZUUGJcJqHXkqvIgKXiTct0%2F%2BW0ycQfgDxmBMDOkviFVXemfpmeX70wC2wQT5nyi5pxiwDZPU40LYzhHX%2FcRv2gMjXY%2B1NOIsqi3DoJWEVizaLo3YojXuQJMvdaZ%2BI%2Fy%2F0X8gFBBhr6rnnTk5Nq2rJ24sVh73dZKkK1VM45lPiexyTNOpvF5JKAAUscSxRXpjrModG8ApvyDh2g%2Bv61QB3kI42hxPR0ucLHkciJlTSwN%2FOXq06xFLlMCwNDQObjPLcqEhOiscytOptfh0D9%2BArMM84esnWiB1TTvb56l6EDp1esFJM3wmMJ%2BY2WAIav5v4YGjJCSIW1IvBxXT1wG96v9LP%2F98NyMcVjg1ZJrnYZvU2Y6hEEwGxc1AZfON9sL4VRAH%2BsMDObarUodGweR8Q%3D%3D&nvMid=29030492586&catId=50001519
Apple 아이폰 13 128GB [자급제],"1,045,000원",https://cr.shopping.naver.com/adcr.nhn?x=FB8QyZiBqjp1vTa%2B2GGxCf%2F%2F%2Fw%3D%3DswriBdfBro%2B7sPpWtzHD6U63ws%2BNCQGiiRjhgVJ22MrIbsBKbbjTB%2BBCjsLv6tz%2Bjug0YZsO2%2Bh21is%2FTu9kjNctalJrZtyCQ9LZL3dqvzeLXYgcv7r%2F5Ozq2w0jVMp473GKmMypyzI3vJXEjD6WfHkgAn8lD2%2BxrgblrBqYwPdWug%2B9sjA7rHdeMLkY%2BwIMUMRx4KxbEWu5oJE2qAkkLfzQZD6UDT51Dg8nNb9lI8fV%2BFLPJmN7kd5F0maTGsL0cmsGDDi54kj6FRYpYRQyYX11u2eyu2bbq782fymLwp4rffisv5tHfoGFh7RH%2BtSaOAFJNLWxG%2Fj2gEfGb7GroeLfp17k4jln%2FWuGRWgyjAlRieVNvraVp%2BLCfJ1CoV3Uw6nYt0P5vFdgOY0ddt5wMGTX5lDi1Sv0MRqgp2usA78yxSXoBuXI6Jal8phfbB0yQQ5NpxzD%2BGh1Qsf3DjaBN7nFZfc7Gb23Hm30B6kBkz44PVL%2B%2Frl5PLPXtI0kaP8PkmKdeEMdUbtmzDI4Aa7HQcfJrkaB6hKSIXe1tqH8R56sne6ydlDS5w%2FIaHfmi1ZRZASIbJJHJxstflUn134TkkOLWwf0jcFamm2OH0EzsFX0DfkLIyuldBS3f8m8e6nLmzUhNzs2VE%2B%2Bisqs3JAEppg%3D%3D&nvMid=29030374587&catId=50001519
Apple 아이폰 13 미니 256GB [자급제],"1,046,727원",https://cr.shopping.naver.com/adcr.nhn?x=5z115dxp8NX%2FzIx9wt4Pjf%2F%2F%2Fw%3D%3Dsz%2F8quTC9iVlYAIez3DEGi8Vf51U2qX53l%2F%2Bq644Q%2Fn1hJz9H0Ub4KLvuVTVtNMxMMyZ%2B%2F%2F73knvzzDztBg%2B37Au2MMdQlowIFqtZNbwM6b4mYxrdxmwvd82SUlVTjWurHUvkgv17jA0cM7stMGQ3PMi30QtKP1mA7BYZPpxeJLexWvZfe2todmJfmpbNrXnq057%2FmlbCMWUqQYtn8CmoI7ix7jXt7MNVc9AIu4EfDZlNEwRr%2B3STfYHGn%2FB5b3e4HBHjFttESHrX4i9h0Ph8zYWwLlCAarzO84h6STb3PLnL%2Fowdnq7%2Fmfq67OVRzok0S5SJNLgIdS1XFCtZ5GETGBrbsO7JeBsWXiXQDQjYaWrJxazdOMMdW%2FhzVKqxe625G1fUqIZ7CTqeNBeEUiuIjSwJ6%2FrS7DkLS%2Bs4j%2FnkcisulMSXmodDptJZCDmbU%2FWS8S21Oey7jc5pxS8BquOSqMl4EIe2oh1wmuXBteybzOZ6jvySWdAuqdDBn5xzOS4Io64ifB9DVeZ8ffla9GlFdj5zJE32mM2%2FFpkqQt6tZa60v%2BPJ36p28CKZaziDf0A7Es8cFUTVf2EXpmSuc9bAhBQ60triP4Nvlr6GeooGMP9xsiGeHNNP%2FFK%2BqsocGKBcQdAiJdwXirBRdnaxfvrBbw%3D%3D&nvMid=29030437590&catId=50001519
Apple 아이폰 13 프로 맥스 256GB [자급제],"1,537,550원",https://cr.shopping.naver.com/adcr.nhn?x=QKisyTi0GFfXL5HBIihbkf%2F%2F%2Fw%3D%3DsMV0sYxVHjVQzh0Z9QcLX%2BFQ061PqVkPit1GP3HoWssJhJz9H0Ub4KLvuVTVtNMxMT%2FL3ZmKWync40zB2zokKDwu2MMdQlowIFqtZNbwM6b4mYxrdxmwvd82SUlVTjWurHUvkgv17jA0cM7stMGQ3PMi30QtKP1mA7BYZPpxeJLexWvZfe2todmJfmpbNrXnqiTiHgV17tngZX6ODLdebGbix7jXt7MNVc9AIu4EfDZlNEwRr%2B3STfYHGn%2FB5b3e4HBHjFttESHrX4i9h0Ph8zYWwLlCAarzO84h6STb3PLnL%2Fowdnq7%2Fmfq67OVRzok0S5SJNLgIdS1XFCtZ5GETGLU%2F7u8a3gMDu8Y8%2BXOPNyNtJphQBHk6ArjkfIoV%2FnSvG1fUqIZ7CTqeNBeEUiuIjaR9lcPR8vsNJ%2FOYNEX4c7gulMSXmodDptJZCDmbU%2FWS8S21Oey7jc5pxS8BquOSqB9aPs60XaAs0yLnBVw2nhoTpZg5EVTS5Py3%2Bhw6Wfm09SbZ8hVfDg%2BwZ4LZfMdEL35vCOPi8KsZBIq4UovLs%2FwlDeFyNmpo3DgLIYKGXvQI71tqtWQablf%2F77SlIExh53aEOcLu8XtgSNhqocrIy%2FQZuoKvxeFxVhsJoLlaYcOLzY6of2Xpggjm6A4Z8HgJhg%3D%3D&nvMid=29030294588&catId=50001519
Apple 아이폰 13 프로 맥스 128GB [자급제],"1,404,550원",https://cr.shopping.naver.com/adcr.nhn?x=mxfB0M%2FXgCs5BkvgQwbWr%2F%2F%2F%2Fw%3D%3DsHv1fGARnR4bi1iP7SSZUuZEhRLNqQCs0d0R8IFzz05kbsBKbbjTB%2BBCjsLv6tz%2BjjawSSuftgdzUgvtd5MenC34MzB5Q33dsp6RDrbQowRDXYgcv7r%2F5Ozq2w0jVMp473GKmMypyzI3vJXEjD6WfHkgAn8lD2%2BxrgblrBqYwPdWug%2B9sjA7rHdeMLkY%2BwIMUnr7qtY8dVn8btdAmR5NIrzQZD6UDT51Dg8nNb9lI8fV%2BFLPJmN7kd5F0maTGsL0cmsGDDi54kj6FRYpYRQyYX11u2eyu2bbq782fymLwp4rffisv5tHfoGFh7RH%2BtSaOAFJNLWxG%2Fj2gEfGb7GroeNEbJ%2BsVTQsv50bt1YljGE1Xw3b7bBGC8%2FwWicUl4ZnF6nYt0P5vFdgOY0ddt5wMGbBJKq5t9U8lMcaYlmEDFxuxSXoBuXI6Jal8phfbB0yQQ5NpxzD%2BGh1Qsf3DjaBN7lca8pJnVAllZ%2FEl77tED7QgvzkkCqZohVEEbyPUxjbQ5RPNCjcG3zcXpELBiXo0ZLE14c3ipMp8JVeYhuNm1MO1y%2BraadP%2Fepse40T4GCmuuYTbq3FE%2FefCAJqj4jIj8mNhOsroy0NdcoArYsKTR%2BVKyhFOrWJ0z561YvbznfiMV3OdHgSE8LoEjTx9zpNPbFaRsOtQUnaEEbxBoHxZXOc%3D&nvMid=29030367587&catId=50001519
Apple 아이폰 13 프로 512GB [자급제],"1,660,100원",https://cr.shopping.naver.com/adcr.nhn?x=usk%2BVogRAcvZLd7W1d4P8f%2F%2F%2Fw%3D%3DsHLOsLQqUiK5m6rwPz%2FuMkE0gVS8n2OiMjRGg5TOxfyVWQE1WikGGRjsm7ORTamZ7J6UiT89pL9sIrF2Lm98kv9VUDPIP5LpfxNZCWiJZigkQIdJ3ahUFfPsBi%2Bg9wR2YIOKgedJnVh%2BgV%2BbEWWBj4UPg%2F6PYJW9LpCSumzPJoiiI9aZyW4hhCgmcrsQhWGWGidrGyrdYG9xYKiUSnB31wfKAXVfyDB1yTbVYYpYzcFnUHxlEatbmVq7jmztE%2FywsxZUUGJcJqHXkqvIgKXiTct0%2F%2BW0ycQfgDxmBMDOkviFVXemfpmeX70wC2wQT5nyi5pxiwDZPU40LYzhHX%2FcRv90K4rYu4Y1Pu20TcIlS9E%2BzaLo3YojXuQJMvdaZ%2BI%2Fy%2F0X8gFBBhr6rnnTk5Nq2rG3idFNp1uFUR3HkGvcrREaxyTNOpvF5JKAAUscSxRXpjrModG8ApvyDh2g%2Bv61QB4477o7USeaHMDW4VjUWS80N%2FOXq06xFLlMCwNDQObjPLcqEhOiscytOptfh0D9%2BAjVQgYNCE1yTgJa5XSmW8kLGa9NSDX9eAUFOWkQ%2BtTAkv4YGjJCSIW1IvBxXT1wG9z12X3pt2sZPx0HY%2F4Cas3lvU2Y6hEEwGxc1AZfON9sL4VRAH%2BsMDObarUodGweR8Q%3D%3D&nvMid=29030416587&catId=50001519
Apple 아이폰 13 미니 512GB [자급제],"1,306,008원",https://cr.shopping.naver.com/adcr.nhn?x=kVrRkym2hUmUOdA3nq1evf%2F%2F%2Fw%3D%3DstcNY9NcV51TWaz%2BBlA%2F2yWW2vUDKwI1jcrwR%2F6VYJTlWQE1WikGGRjsm7ORTamZ7%2BSv9zVQ1GaB3n1opo0ip0tVUDPIP5LpfxNZCWiJZigkQIdJ3ahUFfPsBi%2Bg9wR2YIOKgedJnVh%2BgV%2BbEWWBj4UPg%2F6PYJW9LpCSumzPJoiiI9aZyW4hhCgmcrsQhWGWGRcIO%2FsSRKHMrPSPiMPM2BfKAXVfyDB1yTbVYYpYzcFnUHxlEatbmVq7jmztE%2FywsxZUUGJcJqHXkqvIgKXiTct0%2F%2BW0ycQfgDxmBMDOkviFVXemfpmeX70wC2wQT5nyi5pxiwDZPU40LYzhHX%2FcRv8%2B0UPmhNQUYszzrYXIs5LWzaLo3YojXuQJMvdaZ%2BI%2Fy%2F0X8gFBBhr6rnnTk5Nq2rF53t%2B3QoJYb4yEm4wbkgs6xyTNOpvF5JKAAUscSxRXpjrModG8ApvyDh2g%2Bv61QBxc4Kvpygo5zVB8uYEvhv94N%2FOXq06xFLlMCwNDQObjPLcqEhOiscytOptfh0D9%2BAu6tcnp1YaraO8WbMJ9BvfKWJbdTQyF6QT215%2B%2FVwOgpv4YGjJCSIW1IvBxXT1wG92DLi64gaVLkeV6m8V8GN9RjtEEnHZo%2B%2FVuCJHvsmHjrDVCYCaeglF2rgr1u2OQIzQ%3D%3D&nvMid=29030296587&catId=50001519
Apple 아이폰 13 프로 맥스 512GB [자급제],"1,792,150원",https://cr.shopping.naver.com/adcr.nhn?x=UlsaJ6sFUhylBRLP%2BDTu7%2F%2F%2F%2Fw%3D%3DsZ8XRKEawQ3Izs4TLZ%2FwiiCrl%2Bj5q2ACwx8MYynIn4c9hJz9H0Ub4KLvuVTVtNMxMPdpNkk2l9qZ4qik%2FBumH%2BAu2MMdQlowIFqtZNbwM6b4mYxrdxmwvd82SUlVTjWurHUvkgv17jA0cM7stMGQ3PMi30QtKP1mA7BYZPpxeJLexWvZfe2todmJfmpbNrXnqmD3tRrdK1cFWEMxpF2wcAbix7jXt7MNVc9AIu4EfDZlNEwRr%2B3STfYHGn%2FB5b3e4HBHjFttESHrX4i9h0Ph8zYWwLlCAarzO84h6STb3PLnL%2Fowdnq7%2Fmfq67OVRzok0S5SJNLgIdS1XFCtZ5GETGKMcToMuKeUA5QenU3FtYpfJxazdOMMdW%2FhzVKqxe625G1fUqIZ7CTqeNBeEUiuIjZF%2B%2B2dzosjzgwdsP5nFqxIulMSXmodDptJZCDmbU%2FWS8S21Oey7jc5pxS8BquOSqB9aPs60XaAs0yLnBVw2nhpAR40EqO338lSSXzQsZ%2FsL9SbZ8hVfDg%2BwZ4LZfMdEL35vCOPi8KsZBIq4UovLs%2Fyj2LwvJHQixVffwU6HXKie71tqtWQablf%2F77SlIExh5%2BFjpDA3qWdjYSfNsO2C8YJo0%2FpbAyOIb1qbxf8Q2nfnxyAhEKTy%2B0Zvtn8oYxIR0Q%3D%3D&nvMid=29029192586&catId=50001519
Apple 아이폰 13 프로 1TB [자급제],"1,913,750원",https://cr.shopping.naver.com/adcr.nhn?x=sG8%2FWeJOa4neHZTVSIXCmf%2F%2F%2Fw%3D%3DsS3eVlcphw0gEPTC7ybCZLeFspVPYqX0t88YZymX8XhRhJz9H0Ub4KLvuVTVtNMxMRmGaBzoX4ITIbJ0Q5ZA8Fgu2MMdQlowIFqtZNbwM6b4mYxrdxmwvd82SUlVTjWurHUvkgv17jA0cM7stMGQ3PMi30QtKP1mA7BYZPpxeJLexWvZfe2todmJfmpbNrXnqM3WLqq0EN7lRPuVNhhc%2BTLix7jXt7MNVc9AIu4EfDZlNEwRr%2B3STfYHGn%2FB5b3e4HBHjFttESHrX4i9h0Ph8zYWwLlCAarzO84h6STb3PLnL%2Fowdnq7%2Fmfq67OVRzok0S5SJNLgIdS1XFCtZ5GETGN1jR2FQceCI8JCYoftt9CUxi1OrPZ30CUsHWrlC3gXsG1fUqIZ7CTqeNBeEUiuIjZ0WRO1bKF6quFFvn%2B5JRKUulMSXmodDptJZCDmbU%2FWS8S21Oey7jc5pxS8BquOSqL7TYp%2Fq8N0dYeLWf3iUY%2FEUOWN9OD4ZGbyjxtdt5BjzuwP9L0j7YvHB2OKNn2rLcGP6voSXv%2Ff4oGOxji1LiPdltgTbhfIL5FzqTBRcfqa7%2BgtF15PMkmjkNDmi88yMRTBvU8HTEu9aRvamlwU9SzhjtEEnHZo%2B%2FVuCJHvsmHjrDVCYCaeglF2rgr1u2OQIzQ%3D%3D&nvMid=29029192588&catId=50001519
Apple 아이폰 13 프로 맥스 1TB [자급제],"2,046,750원",https://cr.shopping.naver.com/adcr.nhn?x=JbL%2FsCTUIYCBqggWCiEwev%2F%2F%2Fw%3D%3DsLiFo0LC%2Ff9Py2UiT0XhKPLXedi7ydZ2ytZq15wNnNtkbsBKbbjTB%2BBCjsLv6tz%2Bj1NDnujr4y0hybzNf%2F7%2B%2FHerVwfBWWGqQWnBCAXRVBR3XYgcv7r%2F5Ozq2w0jVMp473GKmMypyzI3vJXEjD6WfHkgAn8lD2%2BxrgblrBqYwPdWug%2B9sjA7rHdeMLkY%2BwIMU5fv1ZtJFi5q7TnE%2BfdMgLTQZD6UDT51Dg8nNb9lI8fV%2BFLPJmN7kd5F0maTGsL0cmsGDDi54kj6FRYpYRQyYX11u2eyu2bbq782fymLwp4rffisv5tHfoGFh7RH%2BtSaOAFJNLWxG%2Fj2gEfGb7GroePHpMHN7Jo7ARBiJpECfU5h4h68X25%2F%2FIp%2FGTVdf3Pvy6nYt0P5vFdgOY0ddt5wMGdXuZRfRwwX3aCqSue4j5mJbtOJF3WmK%2BvTfXVskms1tQ5NpxzD%2BGh1Qsf3DjaBN7lca8pJnVAllZ%2FEl77tED7SpmBQJNsYiTLF0nk4ikdIIIuR0q84YQjjFrl3Wcbxl75PS%2Bq7dEjlbFLHORMpRnZUjtLPmDLvqDP5Py0EXQ4%2BpUUPkoq%2BwlqWZE6Zk4k%2BTGpp5%2F8vEhNMrjVhhE4PQllw7Dc7ns8nTw1VklDwv1G0E5Hv1T%2FoDPeAT2ZD%2BWCfnsQ%3D%3D&nvMid=29029192590&catId=50001519
Apple 아이폰 13 512GB [자급제],"1,419,000원",https://cr.shopping.naver.com/adcr.nhn?x=mGvmSXYzXlVggThWJwfm7%2F%2F%2F%2Fw%3D%3Dsq3cdM6P6hBSdeEjuKxlanh8Laif5FICMESjaw9m6tplhJz9H0Ub4KLvuVTVtNMxMWxs43jyMpFrov1ceOAqsOwu2MMdQlowIFqtZNbwM6b4mYxrdxmwvd82SUlVTjWurHUvkgv17jA0cM7stMGQ3PMi30QtKP1mA7BYZPpxeJLexWvZfe2todmJfmpbNrXnqMp%2F9XPfjTZN93E2a1T98erix7jXt7MNVc9AIu4EfDZlNEwRr%2B3STfYHGn%2FB5b3e4HBHjFttESHrX4i9h0Ph8zYWwLlCAarzO84h6STb3PLnL%2Fowdnq7%2Fmfq67OVRzok0S5SJNLgIdS1XFCtZ5GETGHiksJEqn1oan9r32h47gCFoKCCrHNKTQTNT32sYCXsdG1fUqIZ7CTqeNBeEUiuIjRXHWM7gXKNzK85Lvu0ZShsulMSXmodDptJZCDmbU%2FWS8S21Oey7jc5pxS8BquOSqBDNRgebk3hlYyp7a3bInYHPU6pntGCurhu%2FV8uonTYh5X6MB3JdbnBohOi8QY2msiNpeYB4wkD%2Bxh3LR9q67nnDamim%2BTkfHK2Nuua%2BC5jEqaNGIg5VfeLo6uSAHBxLJEoUh5P4x3javcCjyfGz0YNXc50eBITwugSNPH3Ok09sVpGw61BSdoQRvEGgfFlc5w%3D%3D&nvMid=29030496586&catId=50001519
Apple 아이폰 13 프로 128GB [LG U+],"633,000원",https://cr.shopping.naver.com/adcr.nhn?x=9l0TBzTTIrDK%2Bt5WY6ZI4P%2F%2F%2Fw%3D%3DszMG3ptc%2B1jkhXQZRdON65rH6wNvK8xjiE%2BQHjO%2Bidj9hJz9H0Ub4KLvuVTVtNMxMErUCbCn4KvO%2FwRBRyqP9Qwu2MMdQlowIFqtZNbwM6b4mYxrdxmwvd82SUlVTjWurHUvkgv17jA0cM7stMGQ3PMi30QtKP1mA7BYZPpxeJLexWvZfe2todmJfmpbNrXnqg7gKiQG8MTIItSW%2BDJaVQrix7jXt7MNVc9AIu4EfDZlNEwRr%2B3STfYHGn%2FB5b3e4HBHjFttESHrX4i9h0Ph8zYWwLlCAarzO84h6STb3PLnL%2Fowdnq7%2Fmfq67OVRzok0S5SJNLgIdS1XFCtZ5GETGHvpl1ULLd5xgkaXt%2FNUBPsncNvTLYFqI8oCr%2FwqYPU9H7RUU7G7711p3Of%2B6gz7p92Vw%2F0K19DTrrPgdxgj%2BDMulMSXmodDptJZCDmbU%2FWS8S21Oey7jc5pxS8BquOSqL7TYp%2Fq8N0dYeLWf3iUY%2FGPU2Wu48FXzKTpLeNC9BkySZv9Z3vZVGXYiyeb1%2FD5s0kykzxRc2ecOUZXAV04fEDc%2F4ECH8ZQzhkjPjvRzkNWOozrw0F%2BzIU1xj1pfooGGVAa2EBlBZY35O86RYN5VNMDfkLIyuldBS3f8m8e6nLmzUhNzs2VE%2B%2Bisqs3JAEppg%3D%3D&nvMid=29030175590&catId=50000248
Apple 아이폰 13 미니 256GB [LG U+],"129,000원",https://cr.shopping.naver.com/adcr.nhn?x=mrsPPT7qeosZOg0rKulW2%2F%2F%2F%2Fw%3D%3DscFe7ebg6rsk8KcHw4%2B3QH43mH0KOD4jhJMiKarmtxBRhJz9H0Ub4KLvuVTVtNMxMQpCCxD%2BHHdaRMOoY05mLTgu2MMdQlowIFqtZNbwM6b4mYxrdxmwvd82SUlVTjWurHUvkgv17jA0cM7stMGQ3PMi30QtKP1mA7BYZPpxeJLexWvZfe2todmJfmpbNrXnq7r8%2BMjx%2B1KQXJkem2XwtE7ix7jXt7MNVc9AIu4EfDZlNEwRr%2B3STfYHGn%2FB5b3e4HBHjFttESHrX4i9h0Ph8zYWwLlCAarzO84h6STb3PLnL%2Fowdnq7%2Fmfq67OVRzok0S5SJNLgIdS1XFCtZ5GETGGyQ4icA%2F9BWEqDWfoqtKOyQlKoTW7oBR5S4e5%2FFeRPiH7RUU7G7711p3Of%2B6gz7p9VYLmgndq6p4MJj8PONg0EulMSXmodDptJZCDmbU%2FWS8S21Oey7jc5pxS8BquOSqMl4EIe2oh1wmuXBteybzOaU7u6s4eGvcC%2BQhLTFP7rmSZv9Z3vZVGXYiyeb1%2FD5s9%2FUUMyku9uuYKzneSYloonT%2F7w%2FYRzItggH9nkyrHpWniLLbnJMr%2FhnQqJa8gFJ7DckcgC0bii7jIjYgKV7Gn0DfkLIyuldBS3f8m8e6nLmzUhNzs2VE%2B%2Bisqs3JAEppg%3D%3D&nvMid=29030376589&catId=50000248
Apple 아이폰 13 미니 128GB [LG U+],100원,https://cr.shopping.naver.com/adcr.nhn?x=nMMvQWaiFw8hfMLDkAQmmf%2F%2F%2Fw%3D%3Dsusqt0kEkaJicC4rKjtdsfqtAz5eq59fbIlmghK4kx7phJz9H0Ub4KLvuVTVtNMxMHkKx2QDDgptlT8H6Ygwv6Au2MMdQlowIFqtZNbwM6b4mYxrdxmwvd82SUlVTjWurHUvkgv17jA0cM7stMGQ3PMi30QtKP1mA7BYZPpxeJLexWvZfe2todmJfmpbNrXnq%2BhHtf9UPvVuecHCypfH0H7ix7jXt7MNVc9AIu4EfDZlNEwRr%2B3STfYHGn%2FB5b3e4HBHjFttESHrX4i9h0Ph8zYWwLlCAarzO84h6STb3PLnL%2Fowdnq7%2Fmfq67OVRzok0S5SJNLgIdS1XFCtZ5GETGPWykfehbBSoRhn0sTH95xfz%2BW1R6bbqRnUCfQXLuR7JH7RUU7G7711p3Of%2B6gz7p4i%2B%2B0TiN1WHckstX11vwyMulMSXmodDptJZCDmbU%2FWS8S21Oey7jc5pxS8BquOSqAPzQvOQpktRn2nqaAl90BiPU2Wu48FXzKTpLeNC9BkySZv9Z3vZVGXYiyeb1%2FD5s6GHHqEjJKH86OXOfcUV%2FyuhYZ%2FhI%2FkN84je6k%2F%2BbfyXjHbngYGRGDbpl%2FQKUKYUou58sHnSoqQ%2BdkqRYKSSSFvke%2FVP%2BgM94BPZkP5YJ%2Bex&nvMid=29030431586&catId=50000248
Apple 아이폰 13 프로 256GB [LG U+],"765,000원",https://cr.shopping.naver.com/adcr.nhn?x=jyuQvG16mHDB%2FKSyIYJCUf%2F%2F%2Fw%3D%3DsGV88LpmJJdChAJNTVyUH1ULFe7Nj4MgnfMKUiUD51csbsBKbbjTB%2BBCjsLv6tz%2BjjjAyVW1uQtk6YsWq4YJJNfNWKMKTMze1NJIArK1ALGTXYgcv7r%2F5Ozq2w0jVMp473GKmMypyzI3vJXEjD6WfHkgAn8lD2%2BxrgblrBqYwPdWug%2B9sjA7rHdeMLkY%2BwIMUMJUr%2Fr5heP7x50dYzAAW6TQZD6UDT51Dg8nNb9lI8fV%2BFLPJmN7kd5F0maTGsL0cmsGDDi54kj6FRYpYRQyYX11u2eyu2bbq782fymLwp4rffisv5tHfoGFh7RH%2BtSaOAFJNLWxG%2Fj2gEfGb7GroeABMCVCAQH%2FI5vJlQpeAY1gPZtHfeNM3didpwbQ87AsBXDWTeRReOiaoO3w1jY%2BQmoPzJdSGWBt3WJVMEW2Iq0aAQ%2BNIqlmjXmDKTrrOSU2AQ5NpxzD%2BGh1Qsf3DjaBN7lca8pJnVAllZ%2FEl77tED7QUK8v2WSSGg1nP3KC3hzty8jR8gVF8FlQ9pItE8Zzc8t%2BNm%2BgROoVcKSaeIQmi4hjQHDVNNGUD57nZBVWTlMX%2B%2BgtF15PMkmjkNDmi88yMRVYFKW9bt3QWjdp8faQ1uANjtEEnHZo%2B%2FVuCJHvsmHjrDVCYCaeglF2rgr1u2OQIzQ%3D%3D&nvMid=29030415586&catId=50000248
Apple 아이폰 13 128GB [LG U+],"350,000원",https://cr.shopping.naver.com/adcr.nhn?x=89frIby5CmwuBCFPB%2FBRW%2F%2F%2F%2Fw%3D%3DsHqrRXvLEcevWeIRBpuvgm3kvdDhRexm%2Fn07ljT6mdthhJz9H0Ub4KLvuVTVtNMxMLlr9mE34SSzUGrr0psy72Au2MMdQlowIFqtZNbwM6b4mYxrdxmwvd82SUlVTjWurHUvkgv17jA0cM7stMGQ3PMi30QtKP1mA7BYZPpxeJLexWvZfe2todmJfmpbNrXnqYKFZZuluUMYgcwBfGEHeObix7jXt7MNVc9AIu4EfDZlNEwRr%2B3STfYHGn%2FB5b3e4HBHjFttESHrX4i9h0Ph8zYWwLlCAarzO84h6STb3PLnL%2Fowdnq7%2Fmfq67OVRzok0S5SJNLgIdS1XFCtZ5GETGH6PPJDvx6KuO7JdrPuCJfSd6PbPnc9RLVNJQhjAPciPH7RUU7G7711p3Of%2B6gz7p6Xg1YiOaHbm17hHlGgQVjsulMSXmodDptJZCDmbU%2FWS8S21Oey7jc5pxS8BquOSqFgFDFbSOW8kd9NHJhMIzY%2F5YbLlxragaaIQX6kJDBj8D6QkZjCZcMNTR4jeTmX45SXbH5F6Xjc%2BgXh7nKIsRVUNauEcRynSn%2F8orOK7nc90gk0QigMrWgYIN4mwNKoR8%2B49QzmeaRMl%2BapS8NsKOmfLVWGr8fvvH1mWvUgXPK6j&nvMid=29030372586&catId=50000248
Apple 아이폰 13 미니 512GB [LG U+],"409,400원",https://cr.shopping.naver.com/adcr.nhn?x=fUzv7kXFVEE0F4MGlHkF0%2F%2F%2F%2Fw%3D%3Ds7mx7zR6kuMVtoxdz2ZiqTyELKTDJpb4Fmb2MU1ihGDxhJz9H0Ub4KLvuVTVtNMxM9C0JNYWkdMh0dcSC%2BiR%2FaAu2MMdQlowIFqtZNbwM6b4mYxrdxmwvd82SUlVTjWurHUvkgv17jA0cM7stMGQ3PMi30QtKP1mA7BYZPpxeJLexWvZfe2todmJfmpbNrXnqmNCzWTrruETuuT6FCzP1m7ix7jXt7MNVc9AIu4EfDZlNEwRr%2B3STfYHGn%2FB5b3e4HBHjFttESHrX4i9h0Ph8zYWwLlCAarzO84h6STb3PLnL%2Fowdnq7%2Fmfq67OVRzok0S5SJNLgIdS1XFCtZ5GETGASM4EGoJ2K21s1RXWk25Y9oKCCrHNKTQTNT32sYCXsdH7RUU7G7711p3Of%2B6gz7pxreJIYRd8qjcPx8TYL0UHMulMSXmodDptJZCDmbU%2FWS8S21Oey7jc5pxS8BquOSqGl51FcFJ1Bcg0CVGK8K%2BzE2jlmQ9NlHBgdsAwMWaovqSZv9Z3vZVGXYiyeb1%2FD5s60dX8yyW1ns%2FeKQMTbc87lKCxzrdCGw9puP98chFTqmuVccoexEXPaKmu235R38NwWcFnHFiNs7cXhN7LvqA0ZWhZ3SMHTcLlpircdRzUgq1JIslBmdxaTx7xO1%2BPPoWw%3D%3D&nvMid=29030419586&catId=50000248
Apple 아이폰 13 프로 맥스 256GB [LG U+],"932,800원",https://cr.shopping.naver.com/adcr.nhn?x=Cezvd58SRHXBw1%2BrkGbiOf%2F%2F%2Fw%3D%3Dsg0Sj17mmR88wL7uORabxojxNSK0g8O61Y4HVyMBpbWEXfmlaZeQqomjdtI9e3qsm3XiINuI7izwhaoEGZPkL4DGJDQS5t526HTXxJ9BQddicZThgnuLlB5rFCVrOVEYklwFSgIHjpyyH4Upe8PNcG8OmY27ZGze0Q%2BtXRlM4OxtFSICBvI1ATDFN58yC%2Fe2xqSFFtGqZ4SO%2FZCdEAQNyVMdAmfSN83ChOoIPfneWzCavS7fnn7TEzbGYEdK0StlzScRy8VX0JA%2BwUbCABr%2FtjzPDpGIrabitp2up06DaRfi54J8UO7LDGXdPU9Do8oyMXmq0wb8nQ9S1CNyVqQgAyOdmsII5GJDIgneYfXa7TfxQvCL0vjT7BDyew%2BppTYv%2Bf7tEsR%2FQiiXKDPGKE8P4jNXPioG%2Bm1mBqzg1I6ti0spLXcv9Az4Jm6rquko58j6DsqLykQuGh01ylIDtEDoqxgd%2BG16etLspUe2HE9zONyfKu8lNHMUv5FO70BFiZvG%2BXGfKYExq7uG4FGIUYcPNsWghrlkt34Szb9x5qBNyjUMe73X9uQrTPzODGzpcL6%2FVj%2FaM5nVf1rOXk0fVU4woW2Q9kL56krYKmdmmqQ661FpvU2Y6hEEwGxc1AZfON9sL4VRAH%2BsMDObarUodGweR8Q%3D%3D&nvMid=29030190586&catId=50000248
Apple 아이폰 13 프로 맥스 128GB [LG U+],"793,900원",https://cr.shopping.naver.com/adcr.nhn?x=LhsgHOt%2BREU8J24iiEjF2f%2F%2F%2Fw%3D%3DsIX8MM1un0%2F8rvdyzX2P6NrWcuYJA%2BT%2BdNzAMHJHWXIwbsBKbbjTB%2BBCjsLv6tz%2BjRgoiHNRGAcFkZCEMwRMeWd0zgQ2otMjAZxs9hvZHVVbXYgcv7r%2F5Ozq2w0jVMp473GKmMypyzI3vJXEjD6WfHkgAn8lD2%2BxrgblrBqYwPdWug%2B9sjA7rHdeMLkY%2BwIMUD6bSGd4rwDk3qyUDgUSRJzQZD6UDT51Dg8nNb9lI8fV%2BFLPJmN7kd5F0maTGsL0cmsGDDi54kj6FRYpYRQyYX11u2eyu2bbq782fymLwp4rffisv5tHfoGFh7RH%2BtSaOAFJNLWxG%2Fj2gEfGb7GroeFsrqIdDe5kPSObJBHMmAjOK7Jhge2ssLyNUs%2BYhDaFzXDWTeRReOiaoO3w1jY%2BQmq2mkY7Il9GOxvXj5va1%2B4OAQ%2BNIqlmjXmDKTrrOSU2AQ5NpxzD%2BGh1Qsf3DjaBN7lca8pJnVAllZ%2FEl77tED7QgvzkkCqZohVEEbyPUxjbQGclVz%2FDAcedT3HbTBbbLwStrndW%2Fn2cGD1NJ%2Fsy3znWupy%2Fut3xcwmwOgOcQaG1DramjBwCZI9AwCV4mCTWQmb7jhwdjHHAIYQszfYz8aEaWXq4kE1uKQqRPDuLKS%2F7OaGimR4pR27mrh1IoDTOSgA%3D%3D&nvMid=29030352586&catId=50000248
Apple 아이폰 13 256GB [LG U+],"502,000원",https://cr.shopping.naver.com/adcr.nhn?x=noZf1t6QIEEq8oZrjurGp%2F%2F%2F%2Fw%3D%3DsSdbf%2FmeCcs29o%2FGIg7i3nMKsDZEzig%2BoVu0MzFQgD2hhJz9H0Ub4KLvuVTVtNMxM34UqeCAZr2ay1ylagpBLQgu2MMdQlowIFqtZNbwM6b4mYxrdxmwvd82SUlVTjWurHUvkgv17jA0cM7stMGQ3PMi30QtKP1mA7BYZPpxeJLexWvZfe2todmJfmpbNrXnqxxsm%2FS7PvYrIy2gc0Hbz67ix7jXt7MNVc9AIu4EfDZlNEwRr%2B3STfYHGn%2FB5b3e4HBHjFttESHrX4i9h0Ph8zYWwLlCAarzO84h6STb3PLnL%2Fowdnq7%2Fmfq67OVRzok0S5SJNLgIdS1XFCtZ5GETGPAO1rpIMEkeYT9%2FjpGeChed6PbPnc9RLVNJQhjAPciPH7RUU7G7711p3Of%2B6gz7p713cJ4NW1nSkyJcKwH1bPgulMSXmodDptJZCDmbU%2FWS8S21Oey7jc5pxS8BquOSqCUKEIof2Vcv8M3kurMkjBL5YbLlxragaaIQX6kJDBj8D6QkZjCZcMNTR4jeTmX45bGHjcpcSUSunnStLXKyY6UNauEcRynSn%2F8orOK7nc90yfFuXgOFa2PUTvoc%2FlbAhkDTbieAvxfg60NwL6Nt55fLVWGr8fvvH1mWvUgXPK6j&nvMid=29030189588&catId=50000248
Apple 아이폰 13 프로 512GB [LG U+],"1,066,900원",https://cr.shopping.naver.com/adcr.nhn?x=VJv0j6fRtERx63nowP12v%2F%2F%2F%2Fw%3D%3DsmGTJs4ykD7DOX9a5QLIWSMgHVSN6BX05zAcuETeYbRthJz9H0Ub4KLvuVTVtNMxM0yuYS6SRbanTeifjfomC7Au2MMdQlowIFqtZNbwM6b4mYxrdxmwvd82SUlVTjWurHUvkgv17jA0cM7stMGQ3PMi30QtKP1mA7BYZPpxeJLexWvZfe2todmJfmpbNrXnqIsGCGgJXjOrApw75v82D8rix7jXt7MNVc9AIu4EfDZlNEwRr%2B3STfYHGn%2FB5b3e4HBHjFttESHrX4i9h0Ph8zYWwLlCAarzO84h6STb3PLnL%2Fowdnq7%2Fmfq67OVRzok0S5SJNLgIdS1XFCtZ5GETGMEcsLIebEC5Dv7ijs%2FPSlRtJphQBHk6ArjkfIoV%2FnSvH7RUU7G7711p3Of%2B6gz7p0C5RVBVQK1Mqs%2B%2FLApbVJ0ulMSXmodDptJZCDmbU%2FWS8S21Oey7jc5pxS8BquOSqIVAz54hgDuEicDpht8sAUo2jlmQ9NlHBgdsAwMWaovqSZv9Z3vZVGXYiyeb1%2FD5syoDyWbDq%2F1hu3q5LkMqXEAP2DiPzZ%2BirhQJay5eVlObj%2FaM5nVf1rOXk0fVU4woWzedV3PUCy9Kq5nOH8bY5tlvU2Y6hEEwGxc1AZfON9sL4VRAH%2BsMDObarUodGweR8Q%3D%3D&nvMid=29030295586&catId=50000248
Apple 아이폰 13 프로 맥스 512GB [LG U+],"1,321,000원",https://cr.shopping.naver.com/adcr.nhn?x=tP5kKGsUJMAUfkY0EBso2f%2F%2F%2Fw%3D%3DslQNW9a8n9xS3kgxVwXB7F5T2vjBOGz6BsLzKLISZlVlWQE1WikGGRjsm7ORTamZ7VU1l2%2F7g6nZFj9iTi63YCdVUDPIP5LpfxNZCWiJZigkQIdJ3ahUFfPsBi%2Bg9wR2YIOKgedJnVh%2BgV%2BbEWWBj4UPg%2F6PYJW9LpCSumzPJoiiI9aZyW4hhCgmcrsQhWGWGu52btaJn1DX5MN1%2BFeF7CPKAXVfyDB1yTbVYYpYzcFnUHxlEatbmVq7jmztE%2FywsxZUUGJcJqHXkqvIgKXiTct0%2F%2BW0ycQfgDxmBMDOkviFVXemfpmeX70wC2wQT5nyi5pxiwDZPU40LYzhHX%2FcRv%2F51D8Q%2B7YcmYj4PdrYnXQqzaLo3YojXuQJMvdaZ%2BI%2FyLqWgWd0hjfnomE3vy2MrU1aAA9GEK3cx5mWoXN9vaRWxyTNOpvF5JKAAUscSxRXpjrModG8ApvyDh2g%2Bv61QB9KPcVZ%2FKrjPa0MWs5Dn6qQShByR6lx4fZu6dlciio5Ho64ifB9DVeZ8ffla9GlFdiLk77kdC0XH1c6tkDsTmCUHVCkPsYT4LgrIhJSvJXF1Es8cFUTVf2EXpmSuc9bAhPh2F4jXkTmdUNsE2R0fI2i1Tw%2FMQ5Vb3%2FjvN3FImOtWHRyPBWbUFRhWScTsgQynPg%3D%3D&nvMid=29030181590&catId=50000248
Apple 아이폰 13 512GB [LG U+],"800,800원",https://cr.shopping.naver.com/adcr.nhn?x=wExgO9TuLNr%2FwJdgYZTLtf%2F%2F%2Fw%3D%3DsVIYhdNfmb5NMmE7FDQ2%2BfI19grgzhtW9ByOvPxwlg%2F9WQE1WikGGRjsm7ORTamZ7dAjLxXw4SI3GuGd6NbC1kNVUDPIP5LpfxNZCWiJZigkQIdJ3ahUFfPsBi%2Bg9wR2YIOKgedJnVh%2BgV%2BbEWWBj4UPg%2F6PYJW9LpCSumzPJoiiI9aZyW4hhCgmcrsQhWGWGX%2B2ylAMx2hZri%2F8qpxunmfKAXVfyDB1yTbVYYpYzcFnUHxlEatbmVq7jmztE%2FywsxZUUGJcJqHXkqvIgKXiTct0%2F%2BW0ycQfgDxmBMDOkviFVXemfpmeX70wC2wQT5nyi5pxiwDZPU40LYzhHX%2FcRvysMsWA8P9Ih8rAJeVVoXMmzaLo3YojXuQJMvdaZ%2BI%2FyLqWgWd0hjfnomE3vy2MrU2qPs2Fj%2Fak3ZwJ33MChpQ6xyTNOpvF5JKAAUscSxRXpjrModG8ApvyDh2g%2Bv61QB3n98YWr09wL%2BWS1FhLk%2BoyhzDfp6Y5Zq42WobtISlGzcGB6OHGWWLxdp7xTQ1zT9vV2hZEL5moY6aTdBv68oJ4RpOFzCbaM6OU97uoPifjrQXi9zu%2FCnUIh9sGieeEt4Dg%2BowbIMgY3XHj9WdQ3lfmCqA6%2BrrPkSkQjk3bFq%2FUy&nvMid=29030296586&catId=50000248
Apple 아이폰 13 프로 1TB [LG U+],"1,426,200원",https://cr.shopping.naver.com/adcr.nhn?x=SuM4XiGuhHE%2FE5R2wyE6F%2F%2F%2F%2Fw%3D%3DsGNLR05oIr9ZmlU1caBv7WzLCXOVWVClGgmcxY8rrNLEbsBKbbjTB%2BBCjsLv6tz%2BjfmnIuJ%2F0B1ByboNKWNe8%2Bn4MzB5Q33dsp6RDrbQowRDXYgcv7r%2F5Ozq2w0jVMp473GKmMypyzI3vJXEjD6WfHkgAn8lD2%2BxrgblrBqYwPdWug%2B9sjA7rHdeMLkY%2BwIMUDGwE3QsWN9QrsglmPdQz5zQZD6UDT51Dg8nNb9lI8fV%2BFLPJmN7kd5F0maTGsL0cmsGDDi54kj6FRYpYRQyYX11u2eyu2bbq782fymLwp4rffisv5tHfoGFh7RH%2BtSaOAFJNLWxG%2Fj2gEfGb7GroeIi4UaC55hqjiG8pB71fi2tb5v5rMW0gEEYt0XhsqEEaXDWTeRReOiaoO3w1jY%2BQmrTWsBKBQUWca2mdwRhfZSuAQ%2BNIqlmjXmDKTrrOSU2AQ5NpxzD%2BGh1Qsf3DjaBN7lca8pJnVAllZ%2FEl77tED7Q9Sa1Bijrg0shRzDN13rirXGfKYExq7uG4FGIUYcPNsTPCOyiWbkUIl%2Brvmph1enPsigRI9vafoZQI%2FBnnjkGnv4YGjJCSIW1IvBxXT1wG97rmeRieLXNPggQZsal%2B2S9jtEEnHZo%2B%2FVuCJHvsmHjrDVCYCaeglF2rgr1u2OQIzQ%3D%3D&nvMid=29030294586&catId=50000248
Apple 아이폰 13 프로 맥스 1TB [LG U+],"1,580,200원",https://cr.shopping.naver.com/adcr.nhn?x=x20mjblprkJBmUUsMon2YP%2F%2F%2Fw%3D%3Ds9E55oOtP%2FhByECvN1iB1ZFnTykhQN4uK31X%2FjZ%2B%2BFf8bsBKbbjTB%2BBCjsLv6tz%2Bj%2F7nEx%2Ftctu6SJ0GwavJ5xKhquDxXYmbG%2Fal5FUaIhy%2FXYgcv7r%2F5Ozq2w0jVMp473GKmMypyzI3vJXEjD6WfHkgAn8lD2%2BxrgblrBqYwPdWug%2B9sjA7rHdeMLkY%2BwIMUv%2FiyLKIYZJmYdqtV06rV7DQZD6UDT51Dg8nNb9lI8fV%2BFLPJmN7kd5F0maTGsL0cmsGDDi54kj6FRYpYRQyYX11u2eyu2bbq782fymLwp4rffisv5tHfoGFh7RH%2BtSaOAFJNLWxG%2Fj2gEfGb7GroeGT5HZvyUbBm%2Fp9H9dtoEBwsRboabaqd9%2BeamQysrKGDXDWTeRReOiaoO3w1jY%2BQmmtr3f12g1qSQGYtbRxcvcqxSXoBuXI6Jal8phfbB0yQQ5NpxzD%2BGh1Qsf3DjaBN7lca8pJnVAllZ%2FEl77tED7QsRi2%2BbrHWX4ymc1UmdZJdDk5yE3l1CIhgE97RznNBm0yqOQp5S6zvj2nGzC%2BV8RHNiD01CMVshecGwN84mC74DWrhHEcp0p%2F%2FKKziu53PdJHeTOWUFpXe3dC84cYJcgR7CjvKLbwlJtduEm%2F2uLXPy1Vhq%2FH77x9Zlr1IFzyuow%3D%3D&nvMid=29030181587&catId=50000248
애플 애플 아이폰13 미니 128GB 미개통 미개봉 새상품,"681,470원",https://cr.shopping.naver.com/adcr.nhn?x=Kq6%2B2ojxnBNGyv5lZfY7df%2F%2F%2Fw%3D%3DsJ4BowckGcvhTj5Fb3DylWmRu%2FibmSNFHLHQcUgpEy8dhJz9H0Ub4KLvuVTVtNMxMkcTsw%2BwUQvwyr%2FjAzWVYegu2MMdQlowIFqtZNbwM6b4mYxrdxmwvd82SUlVTjWuredLKYTVxihKrMVpIb5GuL4fsjsQob2Ne0L7w9JaI7kin0b%2F5UhxhZOSwwPJ7NL%2FB4YgjNjpptmE1aHMdUrlZT1Jsen9RSuuDPIMXAky43JEBA68v5pCXF6ONWM4OE1d5hmeWtJmvw8M90EK%2Bzy5a1yVdN3LpKf%2FbKuiZi7z1XJSi6U5%2Bg3gTbLHgu4cnaSnLM2LbTiHgMcScf93a0HxKidh70KxtauexuiiD73hEv8gz2MFVL5QfJ79%2FUg%2BlcZafKq4ddbehsIn9UXEfsne5XGM6p6dA53AXWH1N4sA8aym4SQFFVtotOa7WWO1vpH93mtNbpCtVQJOW%2BVYCbpdM%2FTI4fEQmp0aDEwHhk%2Bk%2BqrE7pQVzBu1lVDTRj7Meeu%2BXzOvGoSLrLA4hkDH83nA4NXFpO8J%2FqTiw7utcRJhbZBnL07boOLwoxL6IajskM%2BfZbrxMbXAvp%2FbWfd89kg2kypB7RL1YFLajtJpk8oohN%2BLNjqh%2FZemCCOboDhnweAmG&nvMid=29372181289&catId=50001519
Apple 아이폰 13 mini 자급제 128GB 핑크,"921,500원",https://cr.shopping.naver.com/adcr.nhn?x=SqzjBTLNxUl7LyKmqYXnYv%2F%2F%2Fw%3D%3DsdKHtVOZ1goGJnVt%2BfImPfthzwqStXkOnb3nJ63SDcR9WQE1WikGGRjsm7ORTamZ7kj6Z4NkSWJ1W096bXTtdDdVUDPIP5LpfxNZCWiJZigkQIdJ3ahUFfPsBi%2Bg9wR2Y1hbSQT10D7AD9ZD3HPp623zmYN%2Fcvl75AGnByk2TjWEm5OY6%2FBA05LWPXaqTF3xXnI3Q%2FuFm111yFJnQ1iq5BxkZ7hw%2FtxVhT2jrdwZs57wJPQD%2BGLQoIkQRnNz4Vp4jGT%2BYqGKfXlxPjCrZN8GTgpBP%2FX5SqWs%2BXBdSekP8W2nshdrI8lAYF6AfKj7ws5SAdtDFoHGHlXMyT9H6ai%2BkMIBsJjzV%2F3vl5Lmd9HbkUGI%2FzdYC%2FwYAihDQzAs9Z5v9nLsikGZXzqCQf2Sh%2BG%2BKaSCEr1xyY6GFkSu2GoxIDF3%2FRfyAUEGGvquedOTk2rasDePfbLP97erwKG2A6GC81vMfo3nPGqzdI1bbGwzcRzMHs7fDUF3hntINts72qVF3OmJZvzC6vjQ2etE4Mw0VKHAro4SZPFZO5Ff9Dw061B8L6nrfebnckJCqgqS%2F1UnIWB21LWqvEQkxOXtjskoMvFOHD5EvXX%2F58dbJfNIJMM5DLpBGLZ0j%2FMpyMMZQ66w15p9sX8M6QU7UK927CIdTVR8GfcNsXsjmWkTeMs6uJIdB0CIl3BeKsFF2drF%2B%2BsFv&nvMid=29619937553&catId=50001519
아이폰 Apple 아이폰13 미니 128GB 구매가 34만원,"346,000원",https://cr.shopping.naver.com/adcr.nhn?x=lXn7WW9rE%2FQXmJtedOimqf%2F%2F%2Fw%3D%3Dsv%2FafT2IDH8MxTU7JTk1XPSzZaRRc6HVCisDRArMVLNphJz9H0Ub4KLvuVTVtNMxMZFYt4fv6Z%2FLyiPrkRYRWAQu2MMdQlowIFqtZNbwM6b4mYxrdxmwvd82SUlVTjWuredLKYTVxihKrMVpIb5GuL4fsjsQob2Ne0L7w9JaI7kin0b%2F5UhxhZOSwwPJ7NL%2FBq%2BwCWpxKyY5gBvXUiP0NE%2Bt58kOjw5zcQ0Z6fGhvvA0BA68v5pCXF6ONWM4OE1d5hmeWtJmvw8M90EK%2Bzy5a1yVdN3LpKf%2FbKuiZi7z1XJQAEiiee9h%2Bt6zCNu%2FBcaYJzqNoqS8XUm11PsYJppXIUdh70KxtauexuiiD73hEv8hII0Z3pg4dyD2AoPBBQXqP7%2B547Fxy5J1F2ejbb1f1%2BteqdF7nWbclhZmqjtkOMX0NZRwoBhemM%2FQQwlL4tYFNCbTBX7iX6atP17XBSATuTLC9xdI%2F2nMBCMhu%2FpBuIegL6nrfebnckJCqgqS%2F1UnINcsSYfVFjiC%2BJZMI2SW2TLk9yx2LE4ozzid%2FD5Tsgrqn8RcGYPeEw%2F9tz7E%2BhSp%2B8m9T1Y7%2Bevq31cEmCFORum9TZjqEQTAbFzUBl8432wvhVEAf6wwM5tqtSh0bB5Hx&nvMid=29860284145&catId=50001519
Apple 아이폰 13 자급제 256GB 핑크,"1,193,100원",https://cr.shopping.naver.com/adcr.nhn?x=gLK5zHP4iK1wI3MwwYREPv%2F%2F%2Fw%3D%3DsCsBomvM1Lz43998FG47sH8kwvULtnHkLFMFuT29d8HYbsBKbbjTB%2BBCjsLv6tz%2BjTAMqyKvBlvUfYA1BBtwKcPDGbK4lOXrSQxCmUxQ7ezzXYgcv7r%2F5Ozq2w0jVMp473GKmMypyzI3vJXEjD6WfHnULJJH%2BMKqMyaVu%2BUeO3m60%2B85WmSKK5LY2dJjcChMGEH%2BAaYhDPzU3ewm5W9RQFe%2FnI3Hg9RH4gJ1st0gLvsRLYwI%2BzV%2BLV9pbZYyYzf8VVMaaCnplpQ3O5KzC6zSA%2B7S5nP%2B8vPWPfSBwfu8dRnUehmGSnI%2BBcB90Ytz1KTam%2Fo5O0o7slwRT%2Bjre2lZh0kPg%2F6PYJW9LpCSumzPJoigK7CtQzZWLlur1%2FFge4%2BEpzVLOxmbLzB0moTw2gHjyJ0ux286aPOOYFftWS44WjRHqdi3Q%2Fm8V2A5jR123nAwZQIc4mqq0hCd1%2BA0AqFJbHbYCGKyleuuJ5o%2Bz6%2FdiGYWpp5UgdwAL0UHEe5a4LJbgKjElP2JLjsGWfY%2FcDITubIZT%2FdRYwapfnesHvLSQXIylkX647Zdjjw9%2Br5Mcvp%2BaW3bG2PyKkCtsQHZh8fl3yIbxp0wrpoV3hZJRtIg%2F8gg2MWekqmTcDfb9hMzEIcdq%2Bo4dq5uLRDk50ajBNIOuLmLZOLEXd5l5zMweoRHO7weCqA6%2BrrPkSkQjk3bFq%2FUy&nvMid=29064755783&catId=50001519
아이폰13 프로 128GB 자급제 새상품,"1,084,680원",https://cr.shopping.naver.com/adcr.nhn?x=rwm%2BxZPkF8qMZOttjE2Pof%2F%2F%2Fw%3D%3Ds2KFS2zw%2BAY0TIy0e%2FHb0Fwu0GHELfq9r0%2Bjq3O8sYe1hJz9H0Ub4KLvuVTVtNMxMn6rj9gQ5S5GiG1zhTjhQmwu2MMdQlowIFqtZNbwM6b4mYxrdxmwvd82SUlVTjWuredLKYTVxihKrMVpIb5GuL%2B0JZ4vKXq2xVuFay0gNbwiO%2FsdgQE5FIA0Tw1QMogpFahRXrD%2FlgDeP3XzGaF4plHiEUnRor1N0lrGxfjpcDiFNhX6JZK9Vd9w3%2FOPaZpeedtDFoHGHlXMyT9H6ai%2BkMIBsJjzV%2F3vl5Lmd9HbkUGI%2FzdYC%2FwYAihDQzAs9Z5v94j%2FIwFgkO5k9SFlDka3jbprozzkiBhjIH5Iu6C5qX6kBG6USNgA%2BnsCxZYeFkQYqE4iQoTDIJkz8X4%2FT6sQjq3k8bMEqY7ZpcvcQSdtkMpi4%2BPW1Hsv7RRsT5wR3UTKo1ByxCsDB5VTKwPiB1gfyJcT4LNhk1f3YB6aFMHGZazZ7lHEDlOwMnRCOlVrFwAqjn3uyzjXfrRB993ZX9GMEFcvTtug4vCjEvohqOyQz59mpwHWkVbN%2FJ40ffy2uPLl9jn76AINMPpI8oxzoLIZ0D82OqH9l6YII5ugOGfB4CYY%3D&nvMid=30078558865&catId=50001519
Apple 아이폰 13 mini 자급제 256GB 스타라이트,"1,057,300원",https://cr.shopping.naver.com/adcr.nhn?x=ElgKn9ciMs3SnMJTTjNt5P%2F%2F%2Fw%3D%3Ds%2Byy07wYemausk4eyx8vOAidHhWaA6Eaaqfrf%2F74pryVWQE1WikGGRjsm7ORTamZ7hUebIn%2FvnYsTTIiOaPUJptVUDPIP5LpfxNZCWiJZigkQIdJ3ahUFfPsBi%2Bg9wR2Y1hbSQT10D7AD9ZD3HPp623zmYN%2Fcvl75AGnByk2TjWEm5OY6%2FBA05LWPXaqTF3xXnI3Q%2FuFm111yFJnQ1iq5BxkZ7hw%2FtxVhT2jrdwZs57w8raodeRGijf43Qw88OofKoWO4v68%2BEs27ItjMqCoc%2Fhrt4JMenQXuEMAeojVWpXcigNkWUqTOcdQ6U4E16wesdtDFoHGHlXMyT9H6ai%2BkMIBsJjzV%2F3vl5Lmd9HbkUGI%2FzdYC%2FwYAihDQzAs9Z5v9e2puZSfR7hh3ZHymLdoX7SCEr1xyY6GFkSu2GoxIDF3%2FRfyAUEGGvquedOTk2rasHUycIPjtl3CgDjpcfy4MCPMfo3nPGqzdI1bbGwzcRzMHs7fDUF3hntINts72qVF3OmJZvzC6vjQ2etE4Mw0VKKZoZbRCfjrCBdIvDwMbaQ%2BmvJyuVhtzwLSQdCcJi2QgJB7PSUjslBNLW0Bc%2BNkvHyuEGW34DxGsX%2FK7ca8orZ9lNzdJFgkoR1MOL3Zb6EWFrLNtoV0YNzmm8497hkN1QJeOu9lGVD7CQeIo0z48orJXc50eBITwugSNPH3Ok09sVpGw61BSdoQRvEGgfFlc5w%3D%3D&nvMid=29056389772&catId=50001519
아이폰13 프로 맥스 256G 미개통 미개통 새상품,"1,384,510원",https://cr.shopping.naver.com/adcr.nhn?x=H3o1HzoUG8bZeHgUssoFT%2F%2F%2F%2Fw%3D%3DsJLOMTtqy6RMY%2Br3K%2FZE%2FiKGfvIiGvUZ92Ocls9GCnuNWQE1WikGGRjsm7ORTamZ7GnD1QNJZ3Vj225udUu6SLNVUDPIP5LpfxNZCWiJZigkQIdJ3ahUFfPsBi%2Bg9wR2YqnGEdvHJxysooGIL7LB6VbD9cbDzdvBhYP28y8rhu4mr9N9rARz1GwL8SD%2B61y0r3Z%2BQfeTbxD3iEeZFoiziBQABxZVqbDZsOSVTuh2linui2aWMofZBZsLGWgL8nqgdWDuAJuqZbGlx0juudI9chT9rXyqENDUD8omnd%2BAEOivf3Vb8LXDlJWzaxi1N0VJ6sLVxwETZ2tb%2BgtfJfYVYIse9j9TM33g7MivnAbc9%2BIA0U%2BRT9uRml3PHYxT%2B5KqesjsF9cealWdm%2FYSYI45at6sGE4uyxhKsa2R7hguA1VVTgaS95CgXjcDbjpOOaNyFz53dR9KIyGpPy6%2FcgVT2AbkzlTj3HjJcTuAgCr48Do8doQdD7z4VTZnGHOZl9gKWMm4SnuzMR3SIO1jZvAhHhGrwdMOAHLu2d1LWS2Z8UNrZlVYLDEJpnI8cF6CMPSIW8NrO3IiQCjGwYpUmB%2Bas1fhzcjR4PoSnmbMq5w8hIy6FbDf4gHI5rSMJU1BWcIOg&nvMid=29564863115&catId=50001519
아이폰13 프로 맥스 128G 자급제 새상품,"1,222,680원",https://cr.shopping.naver.com/adcr.nhn?x=9bbhINOicrpFY1ZVBTWENf%2F%2F%2Fw%3D%3DsdGwUYI3Mt%2BLlXZZxMZXcfwnSL7rQxLzsNbxJ7qXE1TEbsBKbbjTB%2BBCjsLv6tz%2BjpiQ6%2BZsxmTtfI0bqeS3XEmp1i94uYEp8o2sJ%2F%2BRt1c%2FXYgcv7r%2F5Ozq2w0jVMp47U7Z7BnQG1BQAj5bne9XRxi8ffQLw1x%2F8Lf5s6Y8TBIHXkj%2BZW%2F1lJfgqvRvZaBhRHobLqCowvZoMHdD09Yl1v6LN72L9fhKevbSFKGcREFd8TvcWpXtF7IWXpdPgr2hOmHFcWITSQXxpP1EgMkOsssOmY27ZGze0Q%2BtXRlM4OxtarJoVrbEtunAYIkKGowOqKOGs1vJJdYYYPSDTCs3cBU9b8w8Ln%2BQXXJoHD2ncZWxhjJCiYA4JHC9pe%2FgFTXe%2FdCjhfnuD4XlF9oIx5Hcyfl5ezwmEqvXD99NCiDaUaKSL1VE4%2F2nYHlBcNUbZ2CpRNHTNlk73NZXmusRSvocsLH3EpmsNsywcZeVcziuNDtqlkX647Zdjjw9%2Br5Mcvp%2BaH455uxOYb4wDHe8kBTU8kTYvWC6X5pTt63NUyr8r5AJqlm32pJERYKSUG9NxkxX97MYAglzDVhNTo6i1DPDqlFMhbtAzcncYKZeteLDOD7xB0CIl3BeKsFF2drF%2B%2BsFv&nvMid=30078645988&catId=50001519
Apple 아이폰 13 자급제 128GB 블루,"1,057,300원",https://cr.shopping.naver.com/adcr.nhn?x=8TB7AJ%2F1zZ8akyLnsUQS1f%2F%2F%2Fw%3D%3DsFJWh1BRiMtTzBtRAflQpdlK%2Bpg23xili63un%2BUQlGmQbsBKbbjTB%2BBCjsLv6tz%2BjN3eMWXSi%2F5AXIuDlF7fh6p6FbgXOsN1Mb8vNRH8k4avXYgcv7r%2F5Ozq2w0jVMp473GKmMypyzI3vJXEjD6WfHnULJJH%2BMKqMyaVu%2BUeO3m60%2B85WmSKK5LY2dJjcChMGEH%2BAaYhDPzU3ewm5W9RQFe%2FnI3Hg9RH4gJ1st0gLvsTx3GZguj%2FlVzP42NeGu4eSWSSUqf740jD5t9F5jmrRTbS5nP%2B8vPWPfSBwfu8dRnUBE8R6Arfk6xskHiUJEqmO%2Fo5O0o7slwRT%2Bjre2lZh0kPg%2F6PYJW9LpCSumzPJoigK7CtQzZWLlur1%2FFge4%2BEpvsccvmph3it5yLxDe1yDzqBPzWfDyYqFLFguiKKwHXfqdi3Q%2Fm8V2A5jR123nAwZIm1V26EaNmzEh6APpVzSO%2BWyptmyhhOiYfXHm5tida2pp5UgdwAL0UHEe5a4LJbgKjElP2JLjsGWfY%2FcDITubLovOB3SoTW5o2Q3fbHj17%2BlkX647Zdjjw9%2Br5Mcvp%2BaOMihKIwqAK5l6ozl4uCU%2BqyyXjh7CUm1Sn%2F1ej63iOFQv8twsLj143wMBYbD5whFyp2A0Xzs%2BRCG2PSx1JBcCDt8qglAhC0fyDFjR4ks2V%2BCqA6%2BrrPkSkQjk3bFq%2FUy&nvMid=29619782067&catId=50001519
Apple 아이폰 13 mini 자급제 256GB 핑크,"1,057,300원",https://cr.shopping.naver.com/adcr.nhn?x=M8g277bG%2FXsLtfgeuLTSXv%2F%2F%2Fw%3D%3DsdSPUKJWEWEZ%2BH3NKlgSTGn5BtrpbN1M1iwMJmO9ldaoXfmlaZeQqomjdtI9e3qsmHajZ2ikv0DM0gnhrDNKGdzGJDQS5t526HTXxJ9BQddicZThgnuLlB5rFCVrOVEYkjxbxLm7DXAR0sMmf8R3aCMFHZ6YjirkEyx0YsOhRCZckyuYW9oo962E4ptNomafycL5GgRuW8rSMHvetJ0Zgz3iPX2gaYYUtVGkkd8LUm96%2F5YtjOuiXyL8uuPiKCtMIW7Gj%2Bpx6BHZtBjaSLIklRO7J0DT%2F1KMkC4iNCIigP%2Bii2aWMofZBZsLGWgL8nqgdWDuAJuqZbGlx0juudI9chT9rXyqENDUD8omnd%2BAEOivf3Vb8LXDlJWzaxi1N0VJ64XqsODzk5M1fJjQgyOr4uazDM7ANjP%2FyDb8R%2B0qiZOnjYL9zupFN69A4V0%2FYKWCfzXK4jISltrLWT%2B%2BP%2BnWD39d3Axm%2F6yNo6r9oiUqfo%2FZKAW2qyKDeGQQTV21F0S6sBZ60M7otOxgsiHKCrSQefzrmyvLWqQd0x7UYg%2FvW6zoGQ9gw9OBCYzxYVU2NTWOFRRcIJNrtw3BL6JXhEt9YR7k9yx2LE4ozzid%2FD5TsgroBK%2FE%2Fz0%2FZyynonK4IimCtZ8nSrPUvsGwO5taRPKrzclrJefoOJbmkO4BD9YMbmM0NUJgJp6CUXauCvW7Y5AjN&nvMid=29064819083&catId=50001519
아이폰 13 자급제 128GB 스타라이트 MLPG3KH/A,"1,057,300원",https://cr.shopping.naver.com/adcr.nhn?x=gejVbaYfzpL5DQcE%2Bg%2BIRv%2F%2F%2Fw%3D%3DssKvfpQQg39pV7BBYKyrit%2BvT5n6MVVTeTAkqj21%2B0tphJz9H0Ub4KLvuVTVtNMxM72iqks1zF53bDDbKvjo6Sgu2MMdQlowIFqtZNbwM6b4mYxrdxmwvd82SUlVTjWuredLKYTVxihKrMVpIb5GuL%2BOmWAc4mSnKWcXf9cA8e%2F9a1%2BcsP1qOUacbPJ7D0%2Fi%2FswSyzjGOJrRlupD7Am12Z7hVVtOx0F07HUohNQg9n8a8bhT1NN2YMQKOmB0ubhMWBV7e2IVwQcc6G0qXRZDNBdQ1c6B2iTV3vUmOykJX4A7W1oi3M%2BfFF2wq4zmTENvPdtDFoHGHlXMyT9H6ai%2BkMIBsJjzV%2F3vl5Lmd9HbkUGI%2FzdYC%2FwYAihDQzAs9Z5v9ypMsvTq0qFTdXqd6mRZa8CdigroiFsujs2jc3A9mqmRLqcqiq26vqIZKGrP1ToVuczJUCCXq3JXxZZ%2FrVh2ywXk8bMEqY7ZpcvcQSdtkMpgqMSU%2FYkuOwZZ9j9wMhO5shb8%2BKGtLJiLp%2FJ3rmKAVUgg4ggKnYeDi1LH8e3okQZddnvoolkKVNouiKxvFitIQ%2F0hfN88FqKep%2Bpew%2BtaxwUrfejZ6tVvtVvNC1tYqBuHZlVYLDEJpnI8cF6CMPSIW6E0DnkFVif3gMDRSL8AMyUrY2ozZE%2FsbUOTBPvuUrceFbDf4gHI5rSMJU1BWcIOg&nvMid=29063953020&catId=50001519
제로스킨 아이폰 13용 시그니처6 케이스,"13,700원",https://cr.shopping.naver.com/adcr.nhn?x=bgCbbCpklW1rw3peFjvwUv%2F%2F%2Fw%3D%3DsfdW66gEqcaLChxKlzj0nzEQLh8B4srTvyroq6sqheRZhJz9H0Ub4KLvuVTVtNMxMjyDRsdWDYwgdJ1DCPVDFZQu2MMdQlowIFqtZNbwM6b4mYxrdxmwvd82SUlVTjWurHUvkgv17jA0cM7stMGQ3PMi30QtKP1mA7BYZPpxeJLexWvZfe2todmJfmpbNrXnqD5IMn%2FkAUGVHM3FPiHwI67ix7jXt7MNVc9AIu4EfDZlNEwRr%2B3STfYHGn%2FB5b3e4HBHjFttESHrX4i9h0Ph8zYWwLlCAarzO84h6STb3PLnL%2Fowdnq7%2Fmfq67OVRzok0S5SJNLgIdS1XFCtZ5GETGIccIxwZ6brnTooRZNyYuuUxi1OrPZ30CUsHWrlC3gXs6iR3mqcNDyV71ff2LYI3r1XjYUAYPHkXskC6LrgqmJ0ulMSXmodDptJZCDmbU%2FWS8S21Oey7jc5pxS8BquOSqG%2F%2FVYwpHKFrYgvE2tNLbrNKi86vRaLzfbJFSOedJt1ljkOjXegHYVJ8IdNL1f%2Fgg6fu8cfyDIAPkzCltH4ocr5Q0cp1TQY%2Bf6wbME5nTbSrEs8cFUTVf2EXpmSuc9bAhOwsE2ox66bbai9LJe0VaDB0ZwEj8LSHPEhqW2ToctOuzY6of2Xpggjm6A4Z8HgJhg%3D%3D&nvMid=28787978554&catId=50004594
